{"type":"footer","name":"t:sections.footer-group.name","sections":{"footer-promotions":{"type":"footer-promotions","blocks":{"footer-promotions-0":{"type":"promotion","disabled":true,"settings":{"enable_image":true,"title":"Site-wide promotion","text":"<p>Use this section to promote content throughout every page of your site. Add images for further impact.<\/p>","button_label":"Optional button","button_link":"","color_scheme":"1"}},"footer-promotions-1":{"type":"promotion","disabled":true,"settings":{"enable_image":true,"title":"Site-wide promotion","text":"<p>Use this section to promote content throughout every page of your site. Add images for further impact.<\/p>","button_label":"Optional button","button_link":"","color_scheme":"3"}},"footer-promotions-2":{"type":"promotion","disabled":true,"settings":{"enable_image":true,"title":"Site-wide promotion","text":"<p>Use this section to promote content throughout every page of your site. Add images for further impact.<\/p>","button_label":"Optional button","button_link":"","color_scheme":"2"}}},"block_order":["footer-promotions-0","footer-promotions-1","footer-promotions-2"],"settings":{"hide_homepage":false,"image_size":"wide"}},"footer":{"type":"footer","blocks":{"footer-0":{"type":"menu","settings":{"title":"","menu":"collections","enable_account_link":false}},"2e221ebd-c905-4be8-8190-218a32ccec6e":{"type":"menu","settings":{"title":"","menu":"customer-service","enable_account_link":false}},"a63d65fd-09c8-44ca-ba74-ab744d653e1a":{"type":"menu","settings":{"title":"","menu":"policies","enable_account_link":false}},"fe6a67a0-686e-435b-a946-f28802053c97":{"type":"contact","settings":{"phone":"+97142275752","contact":"contact","chat":"","enable_social":true}},"c296bc3e-1d7f-4750-b993-050176521596":{"type":"payment","settings":{"show_payment_icons":true,"show_locale_selector":true,"show_currency_selector":true,"show_currency_flags":true}}},"block_order":["footer-0","2e221ebd-c905-4be8-8190-218a32ccec6e","a63d65fd-09c8-44ca-ba74-ab744d653e1a","fe6a67a0-686e-435b-a946-f28802053c97","c296bc3e-1d7f-4750-b993-050176521596"],"settings":{"show_newsletter":true,"newsletter_richtext":"<p>Subscribe today and get 10% off your first purchase<\/p>","footer_main_menu":true,"show_copyright":true,"copyright_text":"","policies_menu":"policies"}}},"order":["footer-promotions","footer"]}