{"type":"header","name":"t:sections.header-group.name","sections":{"header":{"type":"header","blocks":{"b07ddbf3-d345-4bee-bc44-243714f3741d":{"type":"logo","settings":{"logo":"shopify:\/\/shop_images\/One52-Logo-Black75x.jpg","desktop_logo_width":130,"mobile_logo_width":140}}},"block_order":["b07ddbf3-d345-4bee-bc44-243714f3741d"],"settings":{"main_menu_link_list":"main-menu","main_menu_alignment":"left","mega_products":true,"header_sticky":true,"header_footer_menu":true,"sticky_index":false,"sticky_collection":false}},"toolbar":{"type":"toolbar","blocks":{"0b066516-effd-470b-ba3b-fc9f69d6c6ae":{"type":"announcement","settings":{"richtext":"<p><strong>Authenticity,Quality & Customer Satisfaction <\/strong><\/p>","richtext_mobile":""}},"9a12b8b1-bb63-47b4-a0d5-b626b8a4741a":{"type":"announcement","settings":{"richtext":"<p>We are enhancing our website some features may not be available.<\/p>","richtext_mobile":""}}},"block_order":["0b066516-effd-470b-ba3b-fc9f69d6c6ae","9a12b8b1-bb63-47b4-a0d5-b626b8a4741a"],"settings":{"announcement_center":true,"toolbar_social":true,"show_locale_selector":true,"show_currency_selector":true,"show_currency_flags":true}}},"order":["toolbar","header"]}