{"sections":{"main":{"type":"blog-template","settings":{}},"sidebar":{"type":"blog-sidebar","blocks":{"tags":{"type":"tags","settings":{}}},"block_order":["tags"],"settings":{}},"featured-collections":{"type":"featured-collections","blocks":{"collection1":{"type":"collection","settings":{}},"collection2":{"type":"collection","settings":{}},"collection3":{"type":"collection","settings":{}},"collection4":{"type":"collection","settings":{}},"collection5":{"type":"collection","settings":{}},"collection6":{"type":"collection","settings":{}}},"block_order":["collection1","collection2","collection3","collection4","collection5","collection6"],"settings":{"title":"You may also like"}}},"order":["main","sidebar","featured-collections"],"wrapper":"div.page-width.page-content.blog-layout"}