{"sections":{"collection-header":{"type":"collection-header","settings":{"enable":true,"collection_image_enable":true,"parallax":false,"parallax_direction":"top"}},"promo-grid":{"type":"promo-grid","blocks":{"banner":{"type":"banner","disabled":true,"settings":{"heading":"Banner promotion","text":"Add the details of your promotion in smaller text","link":"","label":"Shop now","color_scheme":"1"}}},"block_order":["banner"],"disabled":true,"settings":{"full_width":false,"gutter_size":20,"space_above":true,"space_below":false}},"main-collection":{"type":"main-collection","blocks":{"subcollections":{"type":"subcollections","settings":{}},"product_grid":{"type":"product_grid","settings":{"grid_style":"small"}},"collection_description":{"type":"collection_description","settings":{}}},"block_order":["subcollections","product_grid","collection_description"],"settings":{"enable_sidebar":true,"collapse_filters":true,"enable_color_swatches":false,"enable_sort":true}},"recently-viewed":{"type":"recently-viewed","settings":{}}},"order":["collection-header","promo-grid","main-collection","recently-viewed"]}