{"sections":{"main":{"type":"main-page","disabled":true,"settings":{}},"form":{"type":"contact-form","settings":{"title":"Contact us","text":"<p>We are always happy to help. If you need some assistance with your order or just want more information on the products we offer, please don't hesitate and contact us! We can be reached during business hours Mon –Fri 9:00 am – 6 pm.<br\/><br\/><\/p><p><strong>Thank You for reaching out today!<\/strong><\/p>","show_phone":false,"narrow_column":true,"color_scheme":"none"}}},"order":["main","form"]}