{"sections":{"1639565424d3473f9a":{"type":"hero-video","disabled":true,"settings":{"full_width":false,"title":"","title_size":40,"subheading":"","link_text":"","link":"","color_accent":"#ffffff","text_align":"vertical-center horizontal-center","video_url":"https:\/\/cdn.shopify.com\/s\/files\/1\/0615\/6114\/3541\/files\/videoplayback.mp4?v=1639565377","overlay_opacity":0,"height":480,"height_mobile":300}},"main":{"type":"main-page","settings":{}},"1639562879cc13b036":{"type":"advanced-content","blocks":{"16395628796ffd3281-1":{"type":"liquid","settings":{"code":"<iframe src=\"https:\/\/configurator.usm.com\/#\/en-ae\/configurator?dealer=5123\" style=\"border:0px #ffffff none;\" name=\"myiFrame\" scrolling=\"no\" frameborder=\"1\" marginheight=\"auto\" marginwidth=\"auto\" height=\"750px\" width=\"100%\" allowfullscreen><\/iframe>","width":"100%","alignment":"center"}}},"block_order":["16395628796ffd3281-1"],"settings":{"full_width":false,"space_around":true}}},"order":["1639565424d3473f9a","main","1639562879cc13b036"]}