{"sections":{"main":{"type":"main-page","disabled":true,"settings":{}},"1644395671253c53dd":{"type":"advanced-content","blocks":{"c138cb64-9bd7-4f2c-81de-6cb7fa7cb8bc":{"type":"liquid","settings":{"code":"<h1 title=\"Best furniture shops in dubai\" style=\"text-align: center;\">The Best Furniture Store in Dubai<\/h1>\n<p style=\"text-align: justify;\"> ONE52 furniture is located in Jumeirah 1, bordering the Persian Gulf. Jumeirah 1 is the famous home of water sports on sandy Jumeira Public Beach. One52 is the best place to find top-quality modern furniture in Dubai. Our experienced staff can help you find exactly what you're looking for to create the perfect look for your home or office. We carry a wide range of brands, including Vitra, Artek, Usm Modular Furniture, and Eero Aarnio Originals. One52 is the perfect place to find modern furniture in Dubai. Visit our showroom today! <\/p>","width":"50%","alignment":"center"}},"16443956716f9aacba-0":{"type":"image","settings":{"image":"shopify:\/\/shop_images\/Al_Thani_002_d7cbd0ef-ffbf-4d37-8506-8d5cbd04ad8a.jpg","link":"","width":"50%","alignment":"center"}},"c331174c-d1ae-4d6c-b139-18e3023b5207":{"type":"liquid","settings":{"code":"<p>Quality furniture is important for a number of reasons. First, it can add to the overall aesthetic of a room or home. well-made furniture pieces can add a touch of elegance and luxury, making a space more inviting and inviting. Furthermore, quality furniture is built to last, meaning that it will not easily break or become damaged over time. Finally, quality furniture can be quite comfortable, which is important for both everyday use and entertaining guests. There are a number of quality furniture shops in Dubai that offer a wide range of pieces to choose from. Whether you are looking for bedroom furniture, <a href=\"https:\/\/one52.ae\/collections\/living-room-furniture\" title=\"Modern Furniture for living room\">living room furniture<\/a>, or <a href=\"https:\/\/one52.ae\/collections\/outdoor-furniture\" title=\"Outdoor Furniture\">outdoor furniture<\/a>, you are sure to find what you need at one of these shops. In addition to quality furniture, many of these shops also offer home interior and home decor items. As such, One52 Furniture can be a great one-stop shop for all of your home furnishing needs.<\/p>","width":"100%","alignment":"center"}}},"block_order":["c138cb64-9bd7-4f2c-81de-6cb7fa7cb8bc","16443956716f9aacba-0","c331174c-d1ae-4d6c-b139-18e3023b5207"],"settings":{"full_width":false,"space_around":true}},"1649674123ee6fc428":{"type":"map","settings":{"map_title":"Visit Our Showroom","address":"<p>No.266 Al Wasl Rd.,<\/p><p>Dubai - UAE <\/p><p>Mon to Fri - 9:30am-6:00pm<br\/>Saturday and Sunday - Close<\/p><p><\/p>","map_address":"266 Al Wasl RdJumeirah - JumeirahJumeirah 1 - Dubai - United Arab Emirates","api_key":"AIzaSyB950XPIciPQUIt--18DQHpcGLagdu51LI","show_button":true,"background_image":"shopify:\/\/shop_images\/Al_Thani_002_d7cbd0ef-ffbf-4d37-8506-8d5cbd04ad8a.jpg"}}},"order":["main","1644395671253c53dd","1649674123ee6fc428"]}