{"sections":{"main":{"type":"main-page","disabled":true,"settings":{}},"faq":{"type":"faq","blocks":{"faq-0":{"type":"rich-text","settings":{"title":"General Information","text":"","align_text":"center"}},"faq-1":{"type":"question","settings":{"title":"What is ONE 52?","text":"<p>ONE 52 is the home of designer furniture in the Middle East. With a flagship store in Dubai and a growing e-commerce presence, we have partnered with some of the most recognized, global design brands and made them more accessible in the region. ONE 52 is a trusted distributor for brands including USM, Vitra, Flos, Artek and Interstuhl.<\/p>"}},"faq-2":{"type":"question","settings":{"title":"Why should I choose ONE 52?","text":"<p>ONE 52 was born out of a love of design, and a value that is shared throughout our team. We work closely with our brand partners to deliver authentic, quality furniture, lighting and accessories, partnered with exceptional customer service and support. Our team’s experience, interest and talent allows them to help find the right <a href=\"https:\/\/cubesolve.com\/\">design solution<\/a> to meet your home or office needs.<\/p>"}},"faq-4":{"type":"question","settings":{"title":"Is it safe to shop with ONE 52?","text":"<p>We have gone to great lengths to ensure that our customers can shop with confidence. We have implemented high level security throughout the purchasing process to protect you and your data. We deal only in authentic products and are equipped with the documentation and credibility in the market to validate this claim.<\/p>"}},"89d58c8c-5e79-47c3-bf11-f68f94f3c0ac":{"type":"question","settings":{"title":"Where can I find more information about your products?","text":"<p>Whether you require more information on a specific item, one of our stocked brands or would like to know more about One52 and the services we provide, our team are available to answer all your questions. Feel free to give us a call or email and we will assist you with your query<\/p>"}},"e9d45c95-ff88-4bfd-b740-2d913383d863":{"type":"question","settings":{"title":"Do you offer a furniture installation service?","text":"<p>Yes, you can add the installation service to your furniture order with us.<\/p>"}},"c6736557-92a6-4f6d-806b-d1e300f52926":{"type":"question","settings":{"title":"How do I differentiate between an item of designer furniture and a copy product?","text":"<p>It can be difficult to recognize an item of original designer furniture from a copy, particularly when purchasing online. Sellers of unauthentic furniture use intentionally misleading and confusing words like \"reproduced\", \"replica\" or \"inspired by” in the title of the products. When you purchase a product from ONE 52, all our products come with the necessary documents required to confirm their authenticity.<\/p>"}},"7cf09bc8-2102-4ce8-8667-d99a5ebd4d68":{"type":"question","settings":{"title":"What happens if I receive a damaged item?","text":"<p>If your item arrives damaged, a replacement will be provided as soon as possible. To request a replacement please use our contact form, call us on +971 4 227 5752 or email <a href=\"mailto:info@one52.ae\">info@one52.ae<\/a>.<\/p>"}},"47d16a27-e9d9-4ebc-9be8-16ea6f43939d":{"type":"question","settings":{"title":"Will I get the same product that I see online?","text":"<p>All photos are taken with the highest quality to reflect all the detail of each item. You may find a little difference in some of the products due to lighting or the nature of the manufacturing process.<\/p>"}},"a3715040-0594-4642-96f4-748e897f3a9c":{"type":"rich-text","settings":{"title":"Payment Information","text":"","align_text":"center"}},"7de25b91-61bf-4c2f-b2c3-277e2d112862":{"type":"question","settings":{"title":"What payment methods are accepted?","text":"<p>We accept all major credit\/debit cards, bank transfer payments. Please ask our sales associate for more details.<\/p>"}},"ff177e32-99fb-4c0d-a631-626b90e2c60c":{"type":"rich-text","settings":{"title":"Orders and Returns","text":"","align_text":"center"}},"4c493664-cd3f-45d8-8587-ceb086aaa1f6":{"type":"question","settings":{"title":"How do I place an order?","text":"<p>You can place your order oline or by contacting us at 04 227 5752 or via email at <a href=\"mailto:info@one52.ae\">info@one52.ae<\/a>.<\/p>"}},"85355694-0877-4936-8c33-a48aa9cd3362":{"type":"question","settings":{"title":"Do I need an account to place an order?","text":"<p>If you are placing your order on our website, you need to create an account. Otherwise, you don't need to have an account with us.<\/p>"}},"cbf9028a-3bf4-45cf-9abf-989f1cd558b5":{"type":"question","settings":{"title":"How can I cancel change my order?","text":"<p>Cancellation or changing an order is not allowed as we place the same order to our manufacturer.<\/p>"}},"4106af5b-5e07-4f85-b678-bf0e6046a46a":{"type":"question","settings":{"title":"How do I track my order?","text":"<p>Our team will keep you updated on the status of your order, tracking number is also available by request.<\/p>"}}},"block_order":["faq-0","faq-1","faq-2","faq-4","89d58c8c-5e79-47c3-bf11-f68f94f3c0ac","e9d45c95-ff88-4bfd-b740-2d913383d863","c6736557-92a6-4f6d-806b-d1e300f52926","7cf09bc8-2102-4ce8-8667-d99a5ebd4d68","47d16a27-e9d9-4ebc-9be8-16ea6f43939d","a3715040-0594-4642-96f4-748e897f3a9c","7de25b91-61bf-4c2f-b2c3-277e2d112862","ff177e32-99fb-4c0d-a631-626b90e2c60c","4c493664-cd3f-45d8-8587-ceb086aaa1f6","85355694-0877-4936-8c33-a48aa9cd3362","cbf9028a-3bf4-45cf-9abf-989f1cd558b5","4106af5b-5e07-4f85-b678-bf0e6046a46a"],"settings":{"title":"Frequently Asked Questions"}}},"order":["main","faq"]}