{"sections":{"main":{"type":"main-page","settings":{}},"slideshow":{"type":"slideshow","blocks":{"slideshow-0":{"type":"hero","settings":{"top_subheading":"","title":"<p>Overlaid Hero Slide<\/p>","title_size":70,"subheading":"And optional subtext","link":"","link_text":"","link_2":"","link_text_2":"","color_accent":"#ffffff","text_align":"vertical-bottom horizontal-left","overlay_opacity":0}}},"block_order":["slideshow-0"],"disabled":true,"settings":{"full_width":true,"desktop_size":0,"mobile_size":0,"style":"arrows","autoplay":true,"autoplay_speed":7}},"rich-text":{"type":"rich-text","blocks":{"heading":{"type":"heading","settings":{"title":"Rich text"}},"text":{"type":"text","settings":{"enlarge_text":true,"text":"<p>Use this text to share information about your brand with your customers. Describe a product, share announcements, or welcome customers to your store.<\/p>"}}},"block_order":["heading","text"],"disabled":true,"settings":{"align_text":"center","narrow_column":true,"color_scheme":"none","divider":false}},"text-columns":{"type":"text-columns","blocks":{"column1":{"type":"text_block","settings":{"enable_image":true,"image_width":650,"title":"Example title","text":"<p>Use this section to explain a set of product features, to link to a series of pages, or to answer common questions.<\/p>","button_label":"Optional button","button_link":""}},"column2":{"type":"text_block","settings":{"enable_image":true,"image_width":650,"title":"Example title","text":"<p>Use this section to explain a set of product features, to link to a series of pages, or to answer common questions.<\/p>","button_label":"Optional button","button_link":""}},"column3":{"type":"text_block","settings":{"enable_image":true,"image_width":650,"title":"Example title","text":"<p>Use this section to explain a set of product features, to link to a series of pages, or to answer common questions.<\/p>","button_label":"Optional button","button_link":""}}},"block_order":["column1","column2","column3"],"disabled":true,"settings":{"title":"","align_text":"left","divider":false,"color_scheme":"none"}},"map":{"type":"map","settings":{"map_title":"Our retail store","address":"<p>No. 266 Al Wasl Rd,<\/p><p>Monday - Friday: 9:00 am - 6:00 pm<br\/>Saturday & Sunday: Close<\/p>","map_address":"No. 266 Al Wasl rd Dubai","api_key":"","show_button":true,"background_image":"shopify:\/\/shop_images\/Al_Thani_002_7903824c-797d-40c1-8ac5-348d2f657123.jpg"}},"featured-collection":{"type":"featured-collection","disabled":true,"settings":{"title":"Featured collection","home_featured_products":"","count":5,"mobile_scrollable":true,"view_all":true,"divider":false}},"form":{"type":"contact-form","disabled":true,"settings":{"title":"Contact us","text":"","show_phone":false,"narrow_column":true,"color_scheme":"none"}}},"order":["main","slideshow","rich-text","text-columns","map","featured-collection","form"]}