{"layout":"password","sections":{"password-header":{"type":"password-header","settings":{"overlay_header":true,"desktop_logo_height":50,"mobile_logo_height":50}},"slideshow":{"type":"slideshow","blocks":{"1524769873765-0":{"type":"hero","settings":{"top_subheading":"","title":"<p>Opening soon<\/p>","title_size":60,"subheading":"","link":"","link_text":"","link_2":"","link_text_2":"","color_accent":"#000000","text_align":"vertical-center horizontal-center","image":"shopify:\/\/shop_images\/73013462.jpg","overlay_opacity":0}}},"block_order":["1524769873765-0"],"settings":{"full_width":true,"desktop_size":0,"mobile_size":0,"style":"bars","autoplay":false,"autoplay_speed":7}},"newsletter":{"type":"newsletter","blocks":{"password-newsletter-title":{"type":"title","settings":{"title":"Be the first to know"}},"password-newsletter-text":{"type":"text","settings":{"text":"<p>Get notified when we re-open our online store.<\/p>"}},"password-newsletter-form":{"type":"form","settings":{}},"password-newsletter-share":{"type":"share_buttons","settings":{}}},"block_order":["password-newsletter-title","password-newsletter-text","password-newsletter-form","password-newsletter-share"],"settings":{"color_scheme":"3"}}},"order":["password-header","slideshow","newsletter"]}