{"sections":{"883ce3b3-efd3-4d0b-ab16-817bbbc94c1a":{"type":"advanced-content","blocks":{"template--16630482010357__883ce3b3-efd3-4d0b-ab16-817bbbc94c1a-16685498064841a8c3-1":{"type":"liquid","settings":{"code":"{% render 'iframe' %}","width":"100%","alignment":"center"}}},"block_order":["template--16630482010357__883ce3b3-efd3-4d0b-ab16-817bbbc94c1a-16685498064841a8c3-1"],"settings":{"full_width":false,"space_around":true}},"sub":{"type":"product-full-width","blocks":{"description":{"type":"description","settings":{"is_tab":true}},"33cb563a-ac81-4475-a99f-3927df3d9792":{"type":"tab","settings":{"title":"Information","content":"<p>{{ product.metafields.my_fields.product_features | metafield_tag }}<\/p>","page":""}},"tab":{"type":"tab","settings":{"title":"Shipping information","content":"<p>{{ product.metafields.custom.delivery_time.value }}<\/p><p>{{ product.metafields.custom.shipping_returns | metafield_tag }}<\/p>","page":""}},"contact":{"type":"contact","settings":{"title":"Ask a question","phone":false}}},"block_order":["description","33cb563a-ac81-4475-a99f-3927df3d9792","tab","contact"],"settings":{"max_width":true}},"main":{"type":"main-product","blocks":{"062900b5-33b1-405b-a09a-66bc926b3505":{"type":"size_chart","settings":{"size_chart":"vitra-delivery-t-c"}},"variant_picker":{"type":"variant_picker","disabled":true,"settings":{"variant_labels":true,"picker_type":"button","product_dynamic_variants_enable":true,"color_swatches":false}},"price":{"type":"price","disabled":true,"settings":{}},"b60ec35e-af51-47a5-8c52-c8ba1fe71106":{"type":"sales_point","settings":{"icon":"shield","text":"Authenticity Guaranteed"}},"sales_point2":{"type":"sales_point","settings":{"icon":"truck","text":"In Home Delivery"}},"sales_point4":{"type":"sales_point","settings":{"icon":"lock","text":"Secure payments"}}},"block_order":["062900b5-33b1-405b-a09a-66bc926b3505","variant_picker","price","b60ec35e-af51-47a5-8c52-c8ba1fe71106","sales_point2","sales_point4"],"settings":{"sku_enable":true,"image_position":"left","image_container_size":"medium","product_image_size":"square","product_zoom_enable":true,"thumbnail_position":"beside","thumbnail_height":"flexible","thumbnail_arrows":false,"mobile_layout":"partial","enable_video_looping":true,"product_video_style":"muted"}},"recommendations":{"type":"product-recommendations","settings":{"product_recommendations_heading":"You may also like","related_count":5}},"more-products-vendor":{"type":"more-products-vendor","settings":{}},"more-products-collection":{"type":"more-products-collection","settings":{}},"recently-viewed":{"type":"recently-viewed","settings":{}},"collection-return":{"type":"collection-return","settings":{"color_scheme":"2"}}},"order":["883ce3b3-efd3-4d0b-ab16-817bbbc94c1a","sub","main","recommendations","more-products-vendor","more-products-collection","recently-viewed","collection-return"]}