{"sections":{"main":{"type":"main-product","blocks":{"variant_picker":{"type":"variant_picker","settings":{"variant_labels":true,"picker_type":"button","product_dynamic_variants_enable":true,"color_swatches":false}},"price":{"type":"price","settings":{}},"sales_point2":{"type":"sales_point","settings":{"icon":"truck","text":"In Home Delivery"}},"sales_point3":{"type":"sales_point","settings":{"icon":"shield","text":"100% Genuine and original design"}},"sales_point4":{"type":"sales_point","settings":{"icon":"lock","text":"Secure payments"}},"0e26ceb5-0760-4bda-aca4-7a13ee87ecba":{"type":"description","settings":{"is_tab":false}},"buy_buttons":{"type":"buy_buttons","settings":{"show_dynamic_checkout":true,"surface_pickup_enable":true}}},"block_order":["variant_picker","price","sales_point2","sales_point3","sales_point4","0e26ceb5-0760-4bda-aca4-7a13ee87ecba","buy_buttons"],"settings":{"sku_enable":false,"image_position":"left","image_container_size":"medium","product_image_size":"square","product_zoom_enable":true,"thumbnail_position":"beside","thumbnail_height":"flexible","thumbnail_arrows":false,"mobile_layout":"partial","enable_video_looping":true,"product_video_style":"muted"}},"sub":{"type":"product-full-width","blocks":{"tab":{"type":"tab","settings":{"title":"Shipping information","content":"<p>Use collapsible tabs for more detailed information that will help customers make a purchasing decision.<\/p><p>Ex: Shipping and return policies, size guides, and other common questions.<\/p>","page":""}},"contact":{"type":"contact","settings":{"title":"Ask a question","phone":false}}},"block_order":["tab","contact"],"settings":{"max_width":true}},"recommendations":{"type":"product-recommendations","settings":{"product_recommendations_heading":"You may also like","related_count":5}},"more-products-vendor":{"type":"more-products-vendor","settings":{}},"more-products-collection":{"type":"more-products-collection","settings":{}},"recently-viewed":{"type":"recently-viewed","settings":{}},"collection-return":{"type":"collection-return","settings":{"color_scheme":"2"}},"18a4f9c0-e21d-44ee-923f-4846bb74630c":{"type":"text-columns","blocks":{"template--16630867951861__18a4f9c0-e21d-44ee-923f-4846bb74630c-166859532290e10acd-0":{"type":"text_block","settings":{"enable_image":false,"image_width":650,"title":"Specifications","text":"<p><strong>Enviroments:<\/strong> {{ product.metafields.custom.environments.value }}<\/p><p><strong>Power:<\/strong> {{ product.metafields.custom.power.value }}<\/p><p><strong>Voltage: <\/strong>{{ product.metafields.custom.voltage.value }}<\/p>","button_label":"","button_link":""}},"template--16630867951861__18a4f9c0-e21d-44ee-923f-4846bb74630c-166859532290e10acd-1":{"type":"text_block","settings":{"enable_image":false,"image_width":650,"title":"","text":"<p><strong>Design By:<\/strong> {{ product.metafields.custom.designer_name.value }}<\/p><p><strong>Dimension:<\/strong> {{ product.metafields.custom.dimension.value }}<\/p>","button_label":"","button_link":""}},"template--16630867951861__18a4f9c0-e21d-44ee-923f-4846bb74630c-166859532290e10acd-2":{"type":"text_block","settings":{"enable_image":false,"image_width":650,"title":"","text":"","button_label":"","button_link":""}}},"block_order":["template--16630867951861__18a4f9c0-e21d-44ee-923f-4846bb74630c-166859532290e10acd-0","template--16630867951861__18a4f9c0-e21d-44ee-923f-4846bb74630c-166859532290e10acd-1","template--16630867951861__18a4f9c0-e21d-44ee-923f-4846bb74630c-166859532290e10acd-2"],"settings":{"title":"","align_text":"left","divider":false,"color_scheme":"none"}}},"order":["main","sub","recommendations","more-products-vendor","more-products-collection","recently-viewed","collection-return","18a4f9c0-e21d-44ee-923f-4846bb74630c"]}